query,output,flag,username,timestamp
Ordinateur portable de haute qualité ,"Voici les ordinateurs portables de haute qualité que nous proposons :

| Reference | Marque | Description |
| --- | --- | --- |
| VQ487EA | HP | HP Ordinateur portable ProBook 4510s |
| NV177UA | HP | HP TouchSmart tx2-1224ca Notebook PC |
| VV352PA | HP | HP Compaq Presario CQ61-317TU Notebook PC |

Ces ordinateurs portables sont de haute qualité et répondent aux besoins des utilisateurs exigeants.",,,2024-07-31 16:12:45.831793
Ordinateur portable de haute qualité ,"Voici les ordinateurs portables de haute qualité que nous proposons :

| Reference | Marque | Description |
| --- | --- | --- |
| VQ487EA | HP | HP Ordinateur portable ProBook 4510s |
| NV177UA | HP | HP TouchSmart tx2-1224ca Notebook PC |
| VV352PA | HP | HP Compaq Presario CQ61-317TU Notebook PC |

Ces ordinateurs portables sont de haute qualité et répondent aux besoins des utilisateurs exigeants.",,,2024-07-31 16:12:58.258581
