id,Ref_produit,Marque,Description
1,W127356758,Ivanti,Connect Secure License VPN 
2,DIC-D31160,Dicota,Privacy filter 4-Way for Lenovo Yoga 3 Pro self-adhesive
3,B760 DS3H,Gigabyte,GIGA B760 DS3H S1700/DDR5/ATX
4,CON-PSUP-CCW913AX   ,CISCO               ,PRTNR SUP 24X7X4 CISCO EMBEDDED
5,536410-DD1,HPinc,SPS-KEYBOARD 14 - ICE                   
6,W126076021,Lenovo,Upper Case ASM_NORDIC 
7,CON-ECMU-UPGADGF,cisco,CISCO SWSS UPGRADES NX-OS Upgrade License Ess To Adv 1G Pl
8,SVEXMSHI4,also,Installation mise ss tension Surface Hub 2S 85p PROV
9,W126042868,Asus,UX330UA-1C 
10,Z1AW_376_FR_CTO,APPLE,CTO/MBP14 M3Max Space Black/Puce M3 Max CPU16_GPU40_NE16 + 128 Go memory/SSD_2TB/KB_ES/No_Software
11,NQUIRE1500PRW-0C    ,NEWLAND             ,NQUIRE- 1500 MOBULA CUSTOMER   
12,W128111591,Cambium Networks,Care Advanced Add-on to 
13,376639-B21,hewlett packard enterprise,HPE MEM 2GB KIT (2x1GB) DDR PC3200 DDR
14,01LV710,Lenovo,BDPLANAR i3-6100UWIN Y-TPM
15,4407923760,Toshiba,M/Dc Adf 346
16,1407090,Epson,Housing Cd-R Assy B
17,zp1083320-037c,ZEBRA,"Zebra interface card, Wi-Fi, Bluetooth Interface card, Wi-Fi (802.11ac), Bluetooth (4.2), fits for: ZT111, ZT211, ZT231, ZT410, ZT411, ZT420, ZT421, ZT510, ZT600"
18,W125733321,Lenovo,BDPLANAR W8S N2940 TPM Psensor
19,2119944,Epson,Ros Assy 31 1200
20,F9FF3,Dell,ASSY DVDRW 8X 9.5 TSST WHT
21,4402444490,Toshiba,Bracket Arm Scr
22,6LA58664400,Toshiba,Jam Release Kb
23,RAM-FP3-5910-1970,RAM Mounts,A28 RAM CUSTOM FACEPLATE
24,W125886365,Lenovo,FRU BN8E88 PCIE 1000M LP
25,W126256584,Canon,ATRIX 421-000-005 (HEPA) T
26,APC-SURT48XLBP,APC,APC Smart-UPS RT 48V Battery Pack
27,MCG22,Dell,DIS FPL 22W P2210T DAO PLHD
28,T9U23AA,HP,Z640 Xeon E5-2690 v4 2.6
29,U53ZCE              ,hp inc.             ,HP 5Y ACTIVE CARE NBD ONS WS   
30,30846859,SCHROFF,Face avant EMC 9U 84TE 30846-859
31,PRTKYTK5290Y,Prindo,ORIGINAL Prindo Toner Jaune PRTKYTK5290Y ~13000 Seiten
32,W126068023,HP,HARNESS - FDB / SMPS FAN / 
33,FU5-2417,CANON,SPRING
34,F.01U.206.321,Bosch,SPP STD Pan M3x6 Torx A2
35,AP9807,APC,Cable UPS Link f Hitachi
36,010-02503-11,Garmin,Garmin Edge 1040 Bundle
37,W126856006,Samsung,"ASSY PCB MAINHW-NW700,ZG"
38,840758-091,hp enterprise,HPE Memory 32GB 2Rx4 PC4-2666V-R Smart Kit
39,44T5669-RFB,IBM,CABLE SERIAL PORT 743 MDL
40,6LA58652500,Toshiba,Glass Fix Unit
41,Z1BW_637_FR_CTO,APPLE,"CTO/MacBook Air 15 M3 Midnight/Puce Apple M3 CPU 8 coeurs, GPU 10 coeurs et Neural Engine 16 coeurs/8 Go  mémoire unifiée/SSD 1 To/Clavier arabe/USB C 35W double/FinalCut_Pro_&_Logic_Pro"
42,10910100030,EKL,EKL Gehäuselüfter 92 x 92 x 25 mm
43,BCXST2000BP,Online USV,Online USV BCXST2000BP - UPS battery 
44,7640601631,Toshiba,Zpan60*16Mszn3A
45,U9ZF8E              ,hp inc.             ,EPACK 4YR NBD+DMR DESIGNJET    
46,FM4-9768-010,Canon,FM4-9768-010 CONTROL PANEL ASSY
47,DS-72211-1GE,DIGITUS,DIGITUS Modulare Konsole mit 19 1Port KVM&Touch DE
48,2150A011,HPent,HP Spare Switch Rear Bracket Type A  
49,W125884872,Lenovo,Padme-3 (X1 Extreme 
50,832805-151,HP,Top Cover & Keyboard (Greece)
51,L-DNA-C8000V        ,CISCO               ,CISCO DNA SUBSCRIPTION FOR     
52,CFQ7TTC0HD40:0001:COM:P1Y:A:DE,Microsoft CSP,Dynamics 365 Fraud Protection Loss Prevention
53,S26361-F3708-L100,fujitsu,FUJITSU HDD 1TB SATA 6G 7.2K HS 2.5'' BC
54,1025305,Epson,FX/LQ2170 ROLLER PR EJECT/DR
55,5N21B44365,lenovo,Raptor Keyboard Num BL 
56,W125890733,HP,ASSY MB UMA i5-10210U
57,FRU04W2795,Lenovo,KBD CFA
58,W125896623,Lenovo,"TR(P) CS20 KBD LTN,NBL,BK,KOR"
59,D31308-RPET,DICOTA,Eco Slim Case BASE 15-15.6
60,W126349171,Brodit,ProClip
61,RC2-5416,HPinc,Drawer connector holder                 
62,W126881675,Lenovo,COVER Upper Case ASM_SPA 
63,9J07R70300,Konica Minolta,Left Cover Assy
64,456487501,Sony,Hood ( ALC-SH136)
65,6LA60601000,Toshiba,Cover Df Conect
66,W126549005,Samsung,SVC COVER 
67,W126536855,Samsung,"COVER PANEL,AR9500T, QMD "
68,SM-X810NZEEEUB,Samsung,Samsung Galaxy Tab S9+ WiFi (512GB) 12GB beige
69,397314001,Sony,"GEAR, SUB CAM"
70,05051511001,Wera,Wera Kraftform compact 27 kit 2
71,W126863794,Samsung,"ASSY PCB MAINTD09-PJT,BLDC "
72,P1080383-420,Zebra,"Kit, Upgrade"
73,W126064003,Brady,Tamper-indicating Thermal 
74,Q7834-67902,HP,Tray Assembly 1X500 Sheet
75,01HV599,lenovo,4Y PARTS DEL NBD X3950 X6
76,4400786300,Toshiba,K Roller Exit
77,W126936264,Lenovo,BDPLANAR 
78,W125855077,Sony,S-STATIONARY BARREL
79,L28408-031,HP,Keyboard Cp (UK)
80,W126321337,Ergonomic Solutions,SpacePole Stack with 
81,ATE-VP2730-AT-G,Aten,Aten 7 x 3 Seamless Presentation MatrixSwitch with Scaler  Streaming  Audio Mixer  HDBaseT and IR / RS-232 / Ethernet (WebGUI) Control
82,W126234755,Canon,REAR ROD UNIT
83,W125951058,Lenovo,Upper C82LM PL_SILD NFP 
84,CON-PSJ6-UCSPMINI   ,CISCO               ,UCS PSS 8X5X4 OS UCS SP SELECT 
85,40X0845,Lexmark,FIN LEFT UPPER       COVER
86,657531-001,HP,SP_SPEAKER BEATS
87,190551,Erard Pro,Colonne OMNIUM à Sceller OM55N
88,MST-W06-01510,Microsoft,Microsoft Core CAL All Languages License & Software Assurance Open Value Level D 1 Year Acquired Year 1 Platform User CAL
89,6745U,Dell,CRD NTWK PCI INTEL PRO-100S
90,MUF-128BE3/EU,Samsung,BAR Plus MUF-128BE3
91,RM2-7165,HPinc,POWER SUPPLY PCB ASSY                   
92,W127148234,Lenovo,BDPLANAR 
93,H8HU9E,HEWLETT PACKARD ENTERPRISE,"HPE Foundation Care Software Support 24x7 - Support technique - pour Aruba AirWave - licence - 1 périphérique - académique, K-12 Schools - ESD - pour les particuliers - support téléphonique - 3 années - 24x7 - temps de réponse : 2 h"
94,W5567,Dell,ASSY CBL NTRSN SWT C4130
95,MP52,yealink,Android 9 desk phone for 
96,184272011,Sony,"CONNECTOR, BOARD TO BOARD 16P"
97,W125690480,Lenovo,UpperCase ASM 81QA BLKB_THAI
98,662365-001,Hewlett Packard Enterprise,EXT PCI CARD RET NVIDIA Q4000
99,1667864,Epson,Ma Board Assy H719
100,JC63-03654B,HPinc,"COVER-FRONT TOP HIPS,60.2,478.4,SPLIT BR"
101,U50046451,Sony,ADHESIVE WR HOLDER SPEAKER
102,JH420-61001,Hewlett Packard Enterprise,"SP, X150 100G QSFP28 PSM4 500M"
103,924975-001,HP,Heatsink
104,W125892910,HP,PL COSLIGHT506373 3.946Ah
105,A1194652A,Sony,B2 MOUNT KIT
106,W125990917,CoreParts,"Battery for GPS, Navigator"
107,MX7NO,Dell,Keyboard (GERMAN)
108,27GS60QC-B.AEUQ,LG,Dis 27 LG 27GS60QC-B Consumer Ultragear 
109,65324340AF01A00,ADOBE,TLPG/Acrobat Standard/2020/French/Windows/AOO License/1 User
110,FC5-0996,CANON,"FLAG, 2ND DELIVERY SENSOR"
111,W126888088,CoreParts,Macbook Pro Retina 13'' 
112,PRIET0482,Prindo,ORIGINAL Prindo Cartouche d'encre Cyan PRIET0482 T0482 13ml
113,W125695003,Lenovo,DUMMY ODD 15T GRAY L80SR
114,4701,Imperia,"Imperia PASTAPRESTO T.2/6,5 mm 230V CREMA"
115,2P-IN3V4GNZJIX,2-Power,4GB DDR3 1333MHz SoDIMM
116,779483-002,HP,Rtf Hp Z Turbo Drive En
117,FELLACC5306114,FELLOWES,Fellowes pochette de plastification  80MIC A4 GLOSS 100PK 5306114
118,D00MZT002,Brother,D00MZT002 MAIN PCB:B57T173 UNIT MI2730NW
119,W126250301,Canon,"FPC ASSEMBLY, REAR"
120,FC0-2521-000,Canon,"FC0-2521-000 HOOK, RIGHT LOWER DOOR"
121,6LA64219000,Toshiba,Brkt Cover R R 360
122,W126944108,Lenovo,MECH_ASM GRP KBD 
123,W125891156,HP,CAMERA SWITCH COPPER
124,9657030607,Konica Minolta,Tapping Screw
125,W126539907,Samsung,ASSY TUBE 
126,6LJ07442000,Toshiba,Asys Case Waste Tn
127,L36852-H2816-N112,GIGASET SIEMENS,"Gigaset AS690 TRIO téléphone DECT blanc - base + 3 combinés Gigaset AS690 Trio - Téléphone sans fil avec ID d'appelant - ECO DECT\GAP - blanc + 3 combinés supplémentaires
 
 
Avantages!
- Ecran graphique noir et blanc éclairé avec contraste élevé
- Mains libres dans la meilleure qualité acoustique
- Long temps de conversation et de veille
- Répertoire téléphonique pour jusqu'à 100 noms et numéros de téléphone
- Clavier ergonomique en matériau de haute qualité
- Protection d'appel pour un maximum de 32 numéros
"
128,W126873117,Samsung,SVC-LAMP BAR LED 
129,642766-001,HPinc,SPS-THERMAL MODULE UMA                  
130,45003007760800,Le Creuset,Le Creuset Chefs Apron 88cm Denim Dark Blue (45003007760800)
131,UCS-HY800G123X-EP=,CISCO,"Cisco - SSD - Enterprise Performance - 800 Go - échangeable à chaud - 3.5"" - SAS 12Gb/s - pour UCS C240 M5, SmartPlay Select C220 M5, SmartPlay Select C220 M5SX"
132,P-P86540312,hp inc.,HP Poly 3yr+ G7500 4k Base Unit and TC8 G7500 4k Video Codec and Wireless Presentation Sys Touch Control BT remote
133,84438,C2G,USBC TO AUX AND USBC FOR AUDIO AND POWER
134,WGT-WGT35173,WatchGuard Technologies,WatchGuard APT Blocker 3-yr for T35
135,U6UF6PE,HEWLETT PACKARD ENTERPRISE,HPE Foundation Care Call-To-Repair Service with Defective Media Retention Post Warranty - Contrat de maintenance prolongé - pièces et main d'oeuvre - 1 année - sur site - 24x7 - délai de réparation : 6 heures
136,03R0302,Lenovo,HDD TRAY ASSEMBLY
137,RP000369574,HP,Paper Pickup Asm
138,W126818190,HP,SPS-HX CUSHIONS CLOUD HXS-HSEP
139,W127079048,HP,CIRCUIT BREAKER 2 POLE 1A 
140,064-0499-001,Hewlett Packard Enterprise,"1TB 3.5"" 7.2K SATA MUSKIE+"
141,6YKT1,dell,"Keyboard, English - UK, 102 "
142,FF3-4303,CANON,"CABLE, PATH SENSOR"
143,FRU64Y2679,Lenovo,Motherboard
144,764125-001-RFB,Hewlett Packard Enterprise,SPS-ACCELERATOR I O 1.3TB
145,FRU49Y4822,Lenovo,Retention
146,W128179397,Lenovo,COVER UpperCaseASM_ENG C21JG 
147,W127070453,HP,CABLE LCD OLED
148,A2218996A,Sony,CASE FRONT_SVX
149,40H5250-RFB,IBM,System Board 2144
150,618506-205,HP,IC  uP Athlon-II X3 450 3.2GHz
151,RG5-7603-080CN,hewlett packard enterprise,HEWLETT-PACKARD FUSING ASSEMBLY
152,W127069646,HP,TOP COVER W KB JTB SP
153,3PP4043-2493P001,OKIDATA,CARTR. UPPER COVER [393]
154,DT.VXVEF.005,ACER,"Acer Veriton N4 VN4710GT - Mini PC - Core i7 13700T / jusqu'à 4.9 GHz - RAM 8 Go - SSD 512 Go - UHD Graphics 770 - Gigabit Ethernet, IEEE 802.11ax (Wi-Fi 6E) - Bluetooth, 802.11a/b/g/n/ac/ax (Wi-Fi 6E) - Win 11 Pro - moniteur : aucun"
155,dmh4ph24,HONEYWELL,"Honeywell print head, 24 dots/mm (600dpi) Print head, 24 dots/mm (600dpi), fits for: H-Class"
156,W126547595,Samsung,WINDOW 
157,Z1AV_188_FR_CTO,APPLE,CTO/MBP14 M3Pro Space Black/Puce M3 Max CPU14_GPU30_NE16 + 96 Go memory/SSD_1TB/KB_IT/Logic_Pro
158,M21677-A41,hp inc.,HPI Top Cover w/Keyboard BL Bel
159,756636-B21-RFB,Hewlett Packard Enterprise,240GB SATA 2.5 VE SC SSD HDD
160,KJN6F,Dell,SVC PLN MT DTP VGA-MB 3046 V2
161,442583101,Sony,"Label (Ce4248), Combined"
162,CON-PSRT-LASAU5K    ,CISCO               ,PRTNR SS 8X5XNBD ASA-UC-500    
163,732251-001,HPinc,SPS-PEN TETHER BULK 10 PCS              
164,H9ZJ9E,HEWLETT PACKARD ENTERPRISE,"HPE Foundation Care Next Business Day Exchange Service - Contrat de maintenance prolongé - remplacement - 1 année - expédition - 9x5 - temps de réponse : NBD - volume, Tier 2 - pour HPE Aruba AP-367, AP-367 (EG), AP-367 (RW), AP-367 (US)"
165,W125689658,Lenovo,MB C 81J7 NOK I38145U UMA 8G
166,WK5P4,Dell,Keyboard  Biling.
167,SM-L310NZSAXEF,SAMSUNG,"Samsung Galaxy Watch7 - 44 mm - montre intelligente avec bande sport - caoutchouc - taille du bracelet : M/L - affichage 1.47"" - 32 Go - NFC, Wi-Fi, Bluetooth - 33.8 g - argent"
168,6LH39298000,Toshiba,Asys Tnrmtr 380S
169,W126678541,HP,SPS-MB UMA R7 PRO 5850U 845 
170,3430110,citizen,"Citizen, ruban transfert thermique, cire/résine, 110 mm, 4 rouleau/boîte"
171,195845811,Sony,"Harness, Sub (Se-401)"
172,D6K3X,Dell,ASSY SPKR 2W 18X8MM N7110
173,FRD-FD-C-MES2C-08,Fractal Design,CAS Meshify 2 Compact RGB White TG Clear
174,VEE-VADVV0ISU3YPU8,Veeam,Upgrade from Veeam ONE Universal Subscription to Veeam Data Platform Advanced Universal Subscription License. 10 instance pack. 3 Years Subscription Upfront Bil
175,680434801,Sony,Ic Cxa8044Aq
176,202258211,Sony,"COVER, REAR (29)"
177,W125631003,Lenovo,chassis MB rubber mat
178,LX5824001,Brother,FRONT COVER ASS DCP7057/7057E
179,8X222AA             ,hp - poly           ,POLY BW 3325 -M USB-C HS       
180,Z1A9_309_FR_CTO,APPLE,CTO/MBP14 M3 Silver/Puce Apple M3 CPU8_GPU10_NE16/24Go/SSD 1 To/Clavier Portugais/Power_96W/No_Software
181,HIK-311315173,Hikvision,IPC DS-2CD2346G2-ISU/SL(4mm)(C) Easy IP4.0-2nd AcuSense 4MP Turret Fixed Lens
182,01ET950,Lenovo,5YR Parts Delivered NBD
183,692759-DH1,HP,Keyboard (NORDIC)
184,644330-001,HP,Rear Panel Lift Z620
185,CON-PSUP-N9KC931G   ,CISCO               ,PRTNR SUP 24X7X4 NEXUS 9300    
186,77-91320            ,OTTERBOX            ,OTTER REACT SAMSUNG GALAXY S23 
187,W126346918,Brodit,Passive holder with tilt 
188,MA2-7509,CANON,"PLATE, GROUNDING"
189,66222140,KYOCERA,"BUSHING,BYPASS CAM"
190,P44112-421,HEWLETT PACKARD ENTERPRISE,ProLiant DL20 Gen10 Plus Rack Server (1U) - Xeon E-2314 / 2.80GHz - 8GB RAM - 2 LFF - 290W PSU - Rack Mountable
191,90MP02E6-BKFA00,asus,ASUS ROG Strix Flare II Animate
192,DS720+/6GSY/3Y/32T-IWPRO/ASSEMBLE,synology,Reseaux/Boitier NAS avec Disque/
193,76N-01769,MICROSOFT,"Microsoft Office SharePoint Server Enterprise CAL - Assurance logiciel - 1 licence d'accès client périphérique - Open Value - produit supplémentaire, 1 année acquise la 2ème année - Win - anglais"
194,W125792500,Lenovo,Upper C81YM PL BLU NFP BLKB 
195,4407978720,Toshiba,K Spl Ers 2
196,W127149803,Lenovo,MECH_ASM GRP KBD 
197,W126272642,Lenovo,"CS21 Common Camera type D2, "
198,W128163552,CoreParts,Samsung Galaxy Tab S6 Lite 
199,LVR261875UK,lanview,"UK Rack mount power strip, "
200,W126217078,Canon,"CLAMP, CABLE"
201,SWI.08P.QSW-804-4C,Qnap,Switch 10GbE  Qnap QSW-804-4C - 4x 10GbE SFP+/RJ45 + 4x SFP+ 10 GbE - Non manageable - Garantie 2 ans
202,B2234226,Ricoh,Roller Belt
203,5MMX742SD002,KYOCERA,PLATE EARTH        /F1Z0205XA3        A3
204,U3JS9E,hewlett packard enterprise,EPACK 4YR CTR 2810 - 48G FC SV
205,05K4302-RFB,IBM,System Board (100 Mhz)
206,FRU04W0306,Lenovo,CPU I5-580
207,6LJ55159000,Toshiba,Bush Drum Drive Tb
208,W125795114,Lenovo,L MB Q470 Mimosa-Q GA 35W
209,4400795530,Toshiba,Pwa Bin
210,DA2-1976,CANON,BOUTON
211,SWL-02SSC7363,SonicWall,CONTENT FILTERING SERVICE FOR NSa 3700 SERIES 3YR
212,W126867868,Samsung,ASSY PCB 
213,39H6249-RFB,IBM,ThinkPad 760E Base Cover
214,W125952571,Lenovo,Mercury1.0 INTEL FRU MECH_ASM 
215,MTC10F1084S1RC48BA1T,Micron,"Micron - DDR5 - module - 16 GB - DIMM 288-pin - 4800 MHz / PC5-38400 The DDR5 memory is bringing in a huge increase in performance for every server or workstation using this advanced technology. The clock speed starts with a 50% increase over the last generation of DDR4 memory and already shows additional speed bumps above that to 6400 MT/s. The underlying architecture has been enhanced as well to give additional boosts to the overall system performance. Of course, every application will respond differently to these changes, but for any application using high CPU core counts and is already bandwidth limited by the memory in a DDR4 system, the performance improvement should be shocking."
216,Z1G6_142_FR_CTO,APPLE,"CTO/MacBook Air 13 M3 Silver/Puce Apple M3 CPU 8 coeurs, GPU 10 coeurs et Neural Engine 16 coeurs/24 Go  mémoire unifiée/SSD 2 To/Clavier Anglais britannique/USB C 35W double/FinalCut_Pro"
217,LX1529002,Brother,CONTROL PANEL ASSY DCP197C FOR
218,CEBAJE-DA-GF        ,STG                 ,TRELLIX COMPLETE EP BUS UPGD   
219,MG1-4585,CANON,"CABLE ASSEMBLY, FLAPPER"
220,6LJ81236100,Toshiba,Pwa H Main 242
221,FK3-2614,CANON,"CABLE, FLAT, SCNT-OP"
222,726103-A41,HP,Keyboard (Belgium)
223,10081113,Toshiba,Printed Circuit Board Holder
224,A1731804A,Sony,Keyboard (ENGLISH)
225,W126941275,Lenovo,MECH_ASM KB C ILD(TSG)PT FP 
226,10017037,Toshiba,Flexible Cable
227,CB532-67953,HP,Assembly Stapler
228,24580441,SCHROFF,Ratiopac PRO STYLE 4U 84F 295P
229,U3HUB448,i-tec,I-TEC USB 3.0 Metal Charging HUB 4 Port with power adaptor 4xUSB charging port. For Tablets Notebooks Ultrabooks PC
230,MTFDKCC3T8TFR-1BC1ZA,MICRON TECHNOLOGY   ,7450 PRO 3840GB NVME U.3 (15MM)
231,5NPPY,Dell,ASSY KYBD 101 ARA W/FR BLT
232,Z1BD_69_FR_CTO,APPLE,"CTO/MacBook Air 13 M3 Midnight/Puce Apple M3 CPU 8 coeurs, GPU 10 coeurs et Neural Engine 16 coeurs/16 Go  mémoire unifiée/SSD 512 Go/Clavier Anglais américain/USB C 35W double/No_Software"
233,H3YE2E,hewlett packard enterprise,EPACK 4YR PC NBD EXCH IAP 224
234,5CB0S16455,Lenovo,Upper Case w/KB (US)
235,W125638397,Lenovo,Systemboard 
236,7WW8R,Dell,ASSY SPKR 0.5W E6440
237,880989-001,Hewlett Packard Enterprise,SPS-BRKT CABLE RETENTION HDD
238,U85X4E,HP,"Electronic HP Care Pack Premium+ Onsite Support with Telemetry, Defective Media Retention and Travel Coverage - Contrat de maintenance prolongé - pièces et main d'oeuvre - 3 années - sur site - 9x5 - temps de réponse : NBD - pour Elite x360, EliteBook 830"
239,178763811,Sony,D.C. Fan (52 Square)
240,NB.VDL11.003,Acer,MAIN BD.W/CPU.
241,4594221401,Konica Minolta,Pin
242,W128152504,Lenovo,NB_KYB CS23 NM 
243,MSPP74419,CoreParts,Apple Macbook Pro 15.4 Retina
244,CON-PSOE-WSC385SE   ,CISCO               ,PRTNR SUP OS 8X5X4 CISCO       
245,W127118463,Dell,DELL EMC POWEREDGE R730XD 
246,FC0-4252,CANON,"COVER, RIGHT"
247,924297-001-RFB,HP,Panel Kit LCD 14 FHD
248,W128163463,CoreParts,Samsung Galaxy Tab S6 Lite 
249,FY316,Dell,ASSY CVR HNG PLSTC 1526
250,RC3-3001-000CN,HP,Cover Right Lower
251,I7100-ANTI-S-BRUSH,Brady,Antistatic Brush
252,935306-001,HP,Backplate Guide Duck
253,02M2N,Dell,SVC PRC HSW I5-4200M 2.5 37W
254,57.ASY0N.002,Acer,CAMERA.1.0MP
255,HR8E2E,HEWLETT PACKARD ENTERPRISE,"HPE Foundation Care Exchange Service - Contrat de maintenance prolongé - remplacement - 5 années - expédition - 24x7 - temps de réponse : 4 h - pour P/N: JL741A, R0X27A"
256,FM2-1708,HPinc,OPTION SENSOR ASS`Y                     
257,310040802,Sony,"COVER, TOP"
258,36693,Lindy,Lindy USB cable Anthra Line - USB to USB - 2 m
259,627559,KENSINGTON,"Kensington - Filtre anti-reflet pour écran - amovible - 24"" - transparent"
260,45745M,Moxa,"ioLOGIK ETHERNET I/O SERVER, 2"
261,65315589BC02A12     ,ADOBE               ,ADOBE SIGN FOR ENTERPRISE ALL  
262,GV-N407TSAERO OC-16GD,Gigabyte,GIGA VGA 16GB RTX4070 Ti SUPER AERO OC 16G 3xDP/HDMI GeForce RTX 4070 Ti SUPER AERO OC 16G
263,422970401,Sony,"Plate (L), Side"
264,TKRWM,Dell,KIT BRKT WALL-CEIL CRDL MNT AP
265,29WP500-B.AEU,LG,LG 29WP500-B
266,Z19E_247_FR_CTO,APPLE,CTO/iMac 24 pouces Silver/Puce Apple M3 CPU8_GPU10_NE16/16Go/SSD_512GB/MK_TOUCHID_PAVNUM_US_IMAC/MM2_MT2_IMAC/FinalCut_Pro
267,FUJ4002548,FUJI,FUJI LTO  PLASTIC CASE
268,PDR0133-10000S,Netgear,DEF DRIVE RETENTION CAT3 3YRS
269,2.863-354.0,Kärcher,Kärcher Filtre plat à plis rénovation
270,773361-001,HP,Speaker Subwoofer Beats
271,A0TJ620200,Konica Minolta,Up/Down Wire /S
272,MWYQ2ZM/A,Apple,Apple Zubehör iPhone 11 Pro Hülle Clementine
273,5M.F72E3.DOE,BENQ,Warranty 4Y for RE8601
274,W126870805,Samsung,SVC-DRUM LIFTERMIDEA 
275,P000553870,Toshiba,DVD-SuperMulti DRI
276,43976401,OKI,"Plate-Door-Weld(Short), MC860"
277,FRU81Y4327,Lenovo,Heatsink
278,MBL-050051,Mobilis,RESIST Pack - Case for Lenovo Tab M10 FHD Plus 10.3i (2nd gen) (TB-X606) / Tab K10 (TB-X6C6)
279,OND.9PX2200IRTBP,Eaton,Onduleur Eaton 9PX UPS HotSwap IEC 2200VA / 2200W
280,507182,Sennheiser,HD 200 PRO Closed Headphone
281,841882-001,HP,Pcba Mic Bd W Cable 3Dc
282,67021,Braun,"Braun BC 06 R-DCF Horloge murale, rouge"
283,W126881628,Lenovo,COVER Upper Case ASM_USA ENG 
284,88030,Delock,Delock Riser Karte PCI Express x8 St zu x8 Slot  6
285,4YA4053-1286G098,OKIDATA,KSHR-PCB [5320]
286,W127151246,HP,CBL FHD Backlight LG 870AIO G9
287,W126223548,Canon,"CUSHION, FAN"
288,06019K3302,Bosch,Bosch GSB 18V-45 perceuse-visseuse sans fil
289,P1046696-005,Zebra,Kit Convert 203 to 300dpi
290,F.01U.340.437,Bosch,FRONT BEZEL LOWER
291,32150- M0008,VERITAS,VERITAS Backup Exec Simple Add On - Renouvellement de la licence d'abonnement sur site (1 an) + Essential Support - 1 instance - entreprise - CLP - Win
292,875908394,Sony,IC TC7W74FU
293,KN.1280A.001,Acer,FLASH DISK.128GB.SSD.TOSHIBA
294,KF564C32BBA-32      ,KINGSTON            ,32GB DDR5 6400MT/S CL32 DIMM   
295,FWA-510-EU0102F     ,zyxel               ,ZYXEL FWA510 5G INDOOR LTE     
296,A1RJR71400,Konica Minolta,Gate Solenoid Pin Assy
297,HC3U3E,HEWLETT PACKARD ENTERPRISE,"HPE Foundation Care 4-Hour Exchange Service - Contrat de maintenance prolongé - remplacement - 3 années - expédition - 24x7 - temps de réponse : 4 h - pour P/N: Q9H54A, Q9H55A, Q9H56A, Q9H56AR, Q9H57A, Q9H57AR, Q9H58A, Q9H58AR"
298,RM1-9775,HPinc,CARTRIDGE LIFTER ASSY                   
299,1595293,Epson,Board Ma Assy As
300,JJRYC,Dell,SI CRD SOLAR SFN7002F JJRYC
301,SKP-ATC-YR-03,TRIMBLE,SketchUp - (1 an)
302,W126879740,Samsung,"TUNERDNSS24CVH161A,DVB-T/C+S2,"
303,C1E1TN9300GF-5Y,cisco,CISCO C1E1TN9300GF-5Y Cisco ACI Essentials Term N9300 GF 5Y factory
304,W126582978,PowerWalker,SA2-30 Cable for BP(H) S24T-6
305,W127297101,Ruckus,WatchDog NBD PARTS ONLY 
306,686039-501,HP,Mb Dis Qm77 W. Wwan W8Std
307,BA59-03201B,Samsung,"LCD Panel 10,1 Inch"
308,W125668743,Lenovo,Ratchet-1 
309,59682,Dell,ASSY BRKT FD F3 HTRP
310,684325-001,HPinc,SPS-MB DSC QM67 P CHNA/UKRN ALCOR UPGD  
311,W125953400,Lenovo,Mars 1.0 INTEL FRU MECH_ASM 
312,KTM0130-RFB,Kingston,8MB 70Ns SIMM
313,MSI-1030-4GHD4LPOC,MSI,VGA GeForce GT 1030 4GHD4 LP OC
314,SD-FG80-W5          ,NEWLAND             ,8IN TABLET 2.2GHZ 4GB/64GB 2D  
315,W125899543,Bachmann,Kabelschlange Easy-Clip floor 
316,SF/TM,Ventev,SMA F to TNC M Adapter
317,6AG00004454,Toshiba,Toner
318,MST-3YF-00219,Microsoft,Microsoft Office Mac Standard Software Assurance Open Value Level D 2 Years Acquired Year 2 AP
319,W128162404,Lenovo,COVER Upper Case 
320,MBXTWR-BA0167,CoreParts,Battery for Two Way Radio
321,097-0479-001,Hewlett Packard Enterprise,CONT IS5500 12GB 8FC NO
322,D0-06074000,Toshiba,Pk502H203H0
323,LM6753001,BROTHER,MP ROLLER HOLDER SP ASSY
324,FRU01AX391,Lenovo,Keyboard (SWISS)
325,2355652             ,LEXMARK             ,WARRANTY 1YR RENEW OS REPAIR   
326,FRU00NY314,Lenovo,HDD Bezel
327,W125639233,Lenovo,Preferred Pro II USB wh
328,SM-F956BAKBEEB,SAMSUNG,Samsung Galaxy Z Fold6 5G Noir 256Go EE
329,CFQ7TTC0HBSJ-0006-1J1M,Microsoft,CSP Dynamics 365 Sales Premium (Non-Profit Pricing) [1J1M] New Commerce
330,W128177669,HP,Top Cover Nsdc Ftl W Kb Ltl Fp
331,W126221403,Canon,"COVER, HEAD SIDE, VB-H43B"
332,W125633450,Lenovo,Keyboard BLACK ACNOR
333,MSC140H40-041G,CoreParts,"14,0"" LCD HD Glossy"
334,FRU93P5689,Lenovo,LCD 14.0inc HD+ LED
335,372659-001,HPent,"SPS-DRV,36G,U320,NHP,15K "
336,A1806495A,Sony,HMS3_B MOUNT
337,W127464941,Dell,Intel Ethernet X540 DP
338,W126855012,Samsung,JACK-EAR 
339,60Y5493-RFB,IBM,THERMAL MODULE/HEATSINK
340,W126582244,Lexmark,SVC Cover SFP left
341,W126251247,Canon,FIRST PAPER DELIVERY ASSEMBLY
342,CON-PSBU-TMSPE25    ,CISCO               ,PSS COLLABTN SW UPG CISCO TMS  
343,L14379-271,HP,KYBD SR -ROM
344,W125674765,Lenovo,Upper case C81N6 PLBLK FPNBL
345,CON-PSOP-WSC248SL   ,CISCO               ,PRTNR SUP OS 24X7X4 CATALYST   
346,FRU01YN170,Lenovo,ofBOE14.0FHDAG
347,JC63-02485D,HPinc,"SHEET-OPE PC,0.254,EARL GRAY,ENGLISH    "
348,W126817274,HP,TOP COVER WGD W KB LMG BL RUSS
349,H62W2E,HEWLETT PACKARD ENTERPRISE,HPE Foundation Care Next Business Day Exchange Service - Contrat de maintenance prolongé - remplacement - 5 années - expédition - 9x5 - temps de réponse : NBD - pour CX 9300-32D 32-port 100/200/400G QSFP-DD 2-port 10G SFP+ Switch
350,W126274045,Lenovo,BDPLANAR i7-1185G7 8G201vP 
351,BA75-01459G,Samsung,Top cover
352,FRU40Y8907,Lenovo,24x cd-rom
353,C0-13950000,Toshiba,S29Gl064A90Tfir70
354,Z1AG_353_FR_CTO,APPLE,CTO/MBP16 M3Pro Space Black/Puce M3 Max CPU16_GPU40_NE16 + 48 Go memory/SSD_512GB/KB_PT/No_Software
355,W125795500,Lenovo,Thermal C 81YU VC 2060
356,X50-UK,Adder,X50 Extender KVM 50m
357,730+1299+000,NOVUS,"NOVUS Schreibtischleuchte Attenzia task silber,mit"
358,C13T08744010,Epson,Ink Yellow
359,60.G8SN5.002,Acer,Cover Hinge Cover
360,249933-001,HPent,"SPS-BD,FEATURE "
361,FM2-0721-000CN,HP,Staple assembly
362,M0T7X,Dell,ASSY INSUL LKG AIR BAFL R720
363,CM1-3139,CANON,BASE NOIRE
364,WASABI-RCS-450-5,WASABI STORAGE,Wasabi Reserved Capacity Storage - Licence d'abonnement (5 ans) - capacité de 450 To - hébergé
365,5M30Z71707,lenovo,"SODIMM,16GB, DDR4,3200,Micron"
366,MST-9EA-00569,Microsoft,Microsoft Win Server Datacenter Core Single Language SA Step-up Open Value 16 Licenses No Level 2 Years Acquired Year 2Win Server Std AP
367,ZA8E0005SE,lenovo,LENOVO TAB YOGA TAB 13 YT-K606
368,4408523790,Toshiba,Sp Clt R D13.6
369,Z1RE-QNX0-3C0       ,ZEBRA               ,3YR Z ONECARE ESS RNWL QNX0    
370,65297617BC13C12     ,ADOBE               ,PHOTOSHOP FOR TEAMS ALL        
371,RP000074752,Hewlett Packard Enterprise,HDD 10.0GB 7200 RPM QSI EN ALL
372,W126856163,Samsung,ASSY PCB 
373,45887302,OKI,TRAY
374,FUJ:CA06309-D039,Fujitsu,MOTHERBOARD-ROHS
375,W125653438,Zebra,Kit Cutter PCB with 
376,MOBX-SONY-XPL1-03,CoreParts,Sony Xperia L1 Back Cover - wi
377,W126248433,Canon,"SCREW, M2X3.7"
378,getcrnfx5y,GETAC,"Getac Service Bumper to Bumper Service, Extended Warranty, 5 Years, fits for: ZX80"
379,WMS1YRHW-BASIC,APC,1 Year Extended Hardware
380,65309437BC14A12     ,ADOBE               ,AUDITION - PRO FOR TEAMS RWNL  
381,5CB0S91828,Lenovo,Upper Case w/KB (US)
382,A860SLFB21NS1,CipherLab,"8600, Batch, Laser, 29-keys"
383,44217749000,Toshiba,Spr Press Brg
384,W125990104,CoreParts,Battery for Crane Remote 
385,991104101,Sony,Drum.
386,FRU04Y2012,Lenovo,Planar Tpm
387,W126817070,HP,SPS-HX ALLOY ORIGINS CORE HX-K
388,PA03575-Y441,Fujitsu,CT-Shield-PLT2
389,TCG470GL,TARGUS,CityGear Slim Topload Case - 15-17.3 inch - Black
390,Z19G_538_FR_CTO,APPLE,CTO/iMac 24 pouces Yellow/Puce Apple M3 CPU8_GPU10_NE16/24Go/SSD_512GB/MK_TOUCHID_PAVNUM_US_IMAC/MT2_IMAC/FinalCut_Pro_&_Logic_Pro
391,APB1220BD,AgfaPhoto,"Ink Black, rpl LC1220BK"
392,W127044112,Dell,"BTRY,PRI,54WHR,4C,LITH,BYD"
393,77-92669,OTTERBOX,OtterBox Symmetry Clear Apple iPhone 15/iPhone 14/iPhone 13 Stardust - clear
394,MST-KW5-00373,Microsoft,Microsoft Win Device Edu All Languages Upgrade SA Open Value Level E 1 Year Academic Platform Up to Date
395,7C56-002R,MSI,MSI Mainboard B550-A PRO - ATX - Socket AM4 - AMD B550
396,RP000376329,HP,Waste toner detection PC
397,1285252101,Konica Minolta,Pulley 24T C401
398,5W-491LT4,DynaScan,Warranty Extension + 2 Years
399,X49072051,Sony,Frame Assy Grille
400,U4AY6E,hewlett packard enterprise,EPACK 4YR 24X7 HPNING GP 203
401,HA2S9E,HEWLETT PACKARD ENTERPRISE,"HPE Foundation Care Next Business Day Exchange Service - Contrat de maintenance prolongé - remplacement - 3 années - expédition - 9x5 - temps de réponse : NBD - universitaire, pour les particuliers - pour HPE Aruba AP-203R (EG), AP-203R (IL), AP-203R (JP)"
402,2368,Hama,Hama Joana                 25x25 50 pages blanches           2368
403,4481010201,Konica Minolta,Pw Board-G Ad-8
404,DCDYCM-AA-HG        ,STG                 ,PROTECTPLUS 1YR BUSINESS       
405,W126031999,Asus,G21CN LEFT COVER ASSY
406,W126880188,Samsung,ASSY 
407,12005086,Toshiba,Drive Roller
408,W126678721,HP,SPS-TPCVR W/KB BL SR CS/SK
409,6LH04399000,Toshiba,Spring T Release Tru
410,4476010102,Konica Minolta,Pw Board-A  S-208
411,G416/E              ,d-link              ,EAGLE PRO AI 4G+ SMART ROUTER  
412,W126861638,Samsung,"LEG-FRONTNCA-PJT,PP,BLACK"
413,781859-001,HP,TouchPad board
414,5770-BR1?111076351,IBM,IBM Backup Recovery and Media Services
415,C31C518052LG        ,EPSON               ,TM-U220PD BLACK LABEL PRINTER  
416,KTH-PL548D4-64G     ,KINGSTON            ,64GB-DDR5 4800MT/S ECC         
417,CF235-67913-RFB,HP,Kit Duplexer
418,Z19N_218_FR_CTO,APPLE,CTO/iMac 24 pouces Pink/Puce Apple M3 CPU8_GPU10_NE16/16Go/SSD_512GB/MK_TouchID_GB_IMAC/MM2_IMAC/FinalCut_Pro_&_Logic_Pro
419,09P0143-RFB,IBM,375Mhz 2 Way Power3 II
420,65297670BA01A12     ,ADOBE               ,INCOPY CC TEAM VIP COM         
421,JC63-03201B,HP,Cover-Scan Upper Scx-3421F
422,W126242548,Canon,"PLATE, JOINT"
423,850354-001,HP,Power Button Bd 14
424,W125775240,HP,TOP COVER TDB Gsync W KB WTL U
425,4407857490,Toshiba,Block Dev R
426,W125887208,Lenovo,Upper Case 
427,AWS_ADVAI,AMAZON WEB SERVICES,S/Advanced Load Balancer ADC for AWS - M
428,F9Y55,Dell,Cover for Non Touch LCD (with 
429,40729401,OKIDATA,"NCU Cover, OF-57/5900/5750/5950"
430,49141M,Moxa,"17"" TFT FANLESS PANEL PC, INTE"
431,F.01U.173.681,Bosch,SPA Housing Cover Assy.
432,SFP-10G-AOC5M=,Cisco,Cable 10GBASE Active Optical
433,adssco,ANKER,"Anker Self-Checkout, Scanner (2D), BT, Ethernet, WiFi, Android, noir système PDV, commerce, diagonale d'écran, 60,5 cm (23,8''), écran tactile, Scanner (2D), imprimante tickets intégrée, connecion: Bluetooth, Ethernet, WiFi, processeur (1,8 GHz), RAM: 4 Go, flash: 16 Go, Android, couleur: noir"
434,W126678453,HP,SPS-TOP CVR KBDPM CP+PS SR 
435,688838-001,HP,Cable Front Io Cmt Z220
436,010-02469-10,Garmin,Garmin DriveSmart 66 EU MT-S
437,H3GL5E,hewlett packard enterprise,EPACK 3YR PC NBD CDMR 7240 CTR
438,U17YNE,HP,"Electronic HP Care Pack Next Business Day Active Care Service with Defective Media Retention - Contrat de maintenance prolongé - pièces et main d'oeuvre - 3 années - sur site - 9x5 - temps de réponse : NBD - pour Elite x360, EliteBook 650 G9, 83X G10, 840"
439,W126707935,Lenovo,COVER Upper Case ASM_BUL C 
440,CY1-2921,CANON,LENTILLE
441,W126254984,Canon,TERMINAL PCB ASSEMBLY
442,650104301,Sony,DIODE UMZ16NT106
443,LIC-MX85-SDW-3Y,cisco,CISCO Meraki MX85 Secure SD-WAN Plus License and Support 3 Year
444,1495016501,Konica Minolta,Push Switch
445,365015800,Sony,"PLATE,SIDE(C 1)."
446,88P7734-RFB,IBM,Tc Syst Bd W/Gb Ethr W/O Pov
447,W128177622,HP,Top Cover W Kb Jtb He
448,JC92-02931C,HP,Pba Ope Sl-C3010Dw 2Line
449,93G2958-RFB,IBM,3.5TH 4.3GB SSA HDD
450,4PP4122-1355P001,OKIDATA,SPRING (T) [2000]
451,Z19F_156_FR_CTO,APPLE,CTO/iMac 24 pouces Yellow/Puce Apple M3 CPU8_GPU10_NE16/24Go/SSD_2TO/MK_TouchID_FR_IMAC/MT2_IMAC/No_Software
452,W126883447,Lenovo,COVER Upper Case 
453,P10106-B21,HEWLETT PACKARD ENTERPRISE,"Intel E810-XXVDA2 - Adaptateur réseau - OCP 3.0 - 25 Gigabit SFP28 x 2 - pour ProLiant DL325 Gen10, DL360 Gen10, DL380 Gen10, DX360 Gen10, XL220n Gen10, XL290n Gen10"
454,MST-3LN-00002,Microsoft,Microsoft Intune Open All Languages Subscription Open Value Level F 1 Month Academic Additional Product Faculty
455,CBL042UA,Newland,RJ45 - USB cable 2 meter for 
456,PK5014M,triumph-adler,"Consommables/Cartouches, Toner, Encre/Toner et Tambour/Toner Triumph-Adler"
457,112898911,Sony,"Capacitor,Polypyrrole 220Mf"
458,P000541570,Toshiba,Bottom Cushion B
459,FPMA-W1020          ,NEOMOUNTS           ,SUPPORT MURAL LCD/LED/TFT      
460,W126862805,Samsung,ASSY 
461,4407629060,Toshiba,Cover Side
462,YA2-0892,CANON,BALAI ZOOMING
463,407-BBOU            ,DELL EMC            ,NETWORKING TRANSCEIVER SFP     
464,W125885344,Lenovo,Padme-3 (X1 Extreme 
465,W127366087,Acer,COVER.UPPER.SILVER.W/KB.ARABIC
466,P88230160           ,HP - POLY           ,1YR PARTNER POLY+ HP MINI PC   
467,EPPWDOFGAEAN-CI     ,STG                 ,TRELLIX ENDPOINT SEC PWR (NODE)
468,643641-001,HP,CBI ODD CABLE
469,W125948497,Lenovo,MBC20VF WINR748_UMA8GNTP CN B
470,P-P88280112,hp inc.,HP Poly 1yr+ Poly G7500 4k Codec-Wireless Presentation System Studio E70 auto track cam with wall mount IP Mic TC10
471,W125941315,Zebra,RS5100 SINGLE FINGER 
472,N122D,Dell,ASSY PWA PLN INTG BCP D630 CCC
473,CPQ-2400SAS/10-S7-OS,ORIGIN STORAGE      ,2.4TB HOT PLUG ENTERPRISE 10K  
474,ATE-2X-047G,Aten,Aten Rack mount kit for The Secure KVM : 8-Port Single/Dual Display (1.5U)
475,21AK000HUK,21ak000huk,P14s i7-1260P 16GB 1TB T550
476,UGR-15086,Ugreen,65W 10000mAh Magnetische Draadloze Power Bank
477,642349-001,HP,MI_LCD RUBBER
478,6LJ07420000,Toshiba,Shaft Cam Tru H130
479,AV-HUB,yealink,Yealink AV-HUB
480,CON-PSOP-2921V      ,CISCO               ,PRTNR SUP OS 24X7X4 CISCO 2921 
481,W126521404,Samsung,"R-CHIP,220KOHM,5%,1/16W,TP,100"
482,41999510,OKIDATA,"EXIT GUIDE INVERT ASSY, (C9***F)"
483,X46234412,Sony,Assy Door Dvd-Rw To (Exp)
484,W126157179,Lenovo,Thermal module L 82NW DELTA
485,W126034751,Asus,"C101PA TP FFC 6P,0.5MM,L159"
486,Z172_248_FR_CTO,APPLE,CTO/MacPro Rack/M2 Ultra CPU 24 coeurs GPU 60 coeurs  Neural Engine 32 coeurs/128 Go de mémoire unifiée/SSD 2 To/MKNUMTID_FR/MM2_MT2/No_Software
487,9R1Y4AA             ,HP - POLY           ,POLY GC8 USB CAT5E EXT KIT     
488,8C38W-RFB,Dell,SSDR 400GB SAS 2.5 SDSK E/C
489,Z199_28_FR_CTO,APPLE,CTO/iMac 24 pouces Argent VESA/Puce M3 CPU8_GPU8_NE16/16Go/SSD_256GB/MK_TouchID_US_IMAC/MM2_MT2_IMAC/Gigabit_Ethernet/No_Software
490,IPM-TRAIN-RM        ,EATON               ,TRANSMISSION OF COMPETENCE IPM 
491,W127276629,Panorama Antennas,420-465MHz EASYFIT COVERT ANT 
492,55GA-1820,Konica Minolta,Paper Feed Motor
493,12010454,Toshiba,Ic Tc4051Bf
494,735645-141,HP,TOP COVER W KB ISK PT TURK
495,W126529595,Samsung,"FFC,Q90 75INCH FFC "
496,W125876252,Dell,Bracket Wall Mount Wyse 3040
497,W126861228,Samsung,GUARD-REF 
498,WPMV5X8-SL-10,apc,APC Preventive Maintenance Visit 5X8 for Silcon 10-20kW UPS
499,WB29OR,PC SOFT,WEBDEV -
500,1904292,Rotring,rotring Rapid Pro stylo à bille mat noir avec mine M        bleu
501,A1856358A,Sony,"MOUNTED C.BOARD, SDP-17(COMPL)"
502,MBI2241,CoreParts,Laptop Battery for Asus
503,VKM6N,Dell,SVC PLN CEL-N3050 U W7
504,CB321EE#BA1,HP,"HP 364XL - À rendement élevé - noir - original - cartouche d'encre - pour Deskjet 35XX, Photosmart 55XX, 55XX B111, 65XX, 7510 C311, 7520, Wireless B110"
505,SUA1000RM2U         ,APC                 ,SMART-UPS 1000VA RM 2U         
506,W125696909,Lenovo,CAMERA C 82BF 0.3M
507,W126872134,Samsung,ASSY KNOB DIALSTEEL 
508,1031374601,Konica Minolta,Holder 8600
509,DELL-U2722D,DELL,Dell 27 UltraSharp U2722D LED-Display 68.47 cm
510,3129ZZBEN240YLZZ    ,BITDEFENDER         ,BITDEFENDER GRAVITYZONE        
511,MG-KPDP-B-1,be quiet,Mountain Display Pad
512,W125735109,Lenovo,NB_KYB DK UBP-KBD BRKT BE CHY
513,21.15.2506,roline,"Cordon ROLINE UTP Cat6/CompLv, LSOH, gris, 7,5m"
514,Z1BD_186_FR_CTO,APPLE,"CTO/MacBook Air 13 M3 Midnight/Puce Apple M3 CPU 8 coeurs, GPU 10 coeurs et Neural Engine 16 coeurs/24 Go  mémoire unifiée/SSD 512 Go/Clavier Français/USB C 70W/FinalCut_Pro_&_Logic_Pro"
515,HPI-7J597AA,HP Printing & Computing,HP Campus Lavender Backpack
516,W125861868,Sony,G3223/PHONE/US/GOLD
517,T3M86AA,HPinc,HP 27es 27-IN Display                   
518,919311-001,HP,Column Printr Cbl 2M Usb T
519,5311,IBM,300GB 15K 6Gbps SAS 8.9cm HS
520,psmg3550,DATALOGIC,"Datalogic Magellan 3550HSi without Top, 2D, multi-IF scanner encastrable, commerce, 2D, imageur, fente micro SD, multi-interface (RS232, USB, IBM), IP52, commandez séparément: câble d'interface, bloc d'alimentation, cordon secteur"
521,JC90-01373A,HP,Exit-Ond Exit X7600
522,W126222122,Canon,"COVER, OUTLET GUIDE"
523,W125668890,Lenovo,UPPERCASEASM L80YL IMR  
524,738454-501,HP,MB DSC 8670M 1G HM76 i3-32
525,4406364780,Toshiba,Coverbtm 794 L
526,MSH:SR244W1-AN,Fujitsu,CD-ROM SLIMLINE 24X AT AN
527,EPES1WE1E-AA-AF     ,STG                 ,TRELLIX ENDPOINT SEC ES ED     
528,HK7T0E,HEWLETT PACKARD ENTERPRISE,"HPE Foundation Care Next Business Day Exchange Service - Contrat de maintenance prolongé - remplacement - 3 années - expédition - 9x5 - temps de réponse : NBD - universitaire, pour les particuliers - pour P/N: JH148A, JH148A#ABB, JH148AR"
529,KL4863XAETR,diverse hersteller,KASPERSKY ENDPOINT SECURITY FOR BUSINESS
530,W128172369,HP,Modular Smart Array 2060 SAS 
531,W126942755,Lenovo,MECH_ASM KB w/Ccv CZE/SLK SRX 
532,42X4403,Lenovo,BUTTONS/KNOBS/HANDLES
533,R6J88AAE,ARUBA,Zerto Virtual Enterprise Cloud Edition - Licence d'abonnement (3 ans) + Premium Maintenance - 1 machine virtuelle - HPE Complete - ESD
534,OF5BEKLOS31,ACRONIS,Acronis Cyber Backup Advanced Microsoft 365 - Licence d'abonnement (5 ans) - 25 sièges
535,A0XEPPC500,Konica Minolta,"Housing, Bearing -26"
536,6DK21,dell,Kensington Clicksafe Notebook 
537,12012294,Toshiba,Ic L6202
538,649769-001,HPinc,SPS-RTC BATTERY                         
539,913677-001,HP,Tape Battery Conductive A
540,W126087432,Lenovo,THINKSYSTEM M.2 1.92TB 5100 
541,W126350038,Brodit,ProClip
542,Z1AY_858_FR_CTO,APPLE,CTO/MBP14 M3Pro Silver/Puce M3 Pro CPU12_GPU18_NE16 + 18 Go memory/SSD_2TB/KB_ES/FinalCut_Pro
543,41A9709-RFB,Lenovo,1000W POWER SPPLY TSTAT D10
544,685365-061,HP,Keyboard (ITALIAN)
545,303V804010,Mita,303V804010 COVER REAR UPPER
546,W126817813,HP,ASSY MB DSC GTX 1650 4GB i7-11
547,20VX007AUK,20vx007auk,P14s i5-1145 8GB 256GB T500
548,W125875599,Epson,Yellow XXL Ink Supply Unit
549,3006047             ,zebra               ,Z-PERFORM 1000T REMOVE         
550,1.445-110.0,Kärcher,Kärcher LBL 2 Battery kit
551,W126888023,CoreParts,Macbook Air 13'' 
552,HY7Z3E,HEWLETT PACKARD ENTERPRISE,"HPE Pointnext Tech Care Basic Service with Comprehensive Defective Material Retention - Contrat de maintenance prolongé - pièces et main d'oeuvre - 5 années - sur site - 9x5 - temps de réponse : NBD - pour P/N: E7Y73C, E7Y73CR"
553,ACKIT-HYB-2P3P,Alfa Forni,Alfa Forni Kit hybride pour Moderno 2 Pizze
554,RB2-3950,CANON,"GUIDE, TRANSFER"
555,MOB-A-S7A-CBL02-AN,Mobotix,Sensor cable 2m for S7x straight-angled
556,W127056300,Asus,UNIEXHD
557,9T13T,Dell,ASSY CBL PWR MB BKPLN 10 R630
558,FB5-4749,CANON,"GUIDE, DUPLEXING FEEDER, LOWER"
559,A1343601B,Sony,"Main Circuit Board, N"
560,W127369253,IBM,64GB DDR3 Memory
561,"S59NB1 3,5 X 4,5",Deknudt,"1x24 Deknudt porte-clés Métal rechteckig 3,5x4,5"
562,APP_IMAC_60,APPLE,D4B Care for iMac 60 mois
563,RBG:11000348,Fujitsu,TP3K COMM I/O BOARD W PANEL
564,W126523297,Samsung,MIC 
565,6LA81790000,Toshiba,Asys Coverdev
566,6LA81630000,Toshiba,Seal Bush R
567,60Y5281-RFB,Lenovo,DOOR ASSEMBLY
568,M5659,Dell,SUBASSY HD 60GB 4.2K MRGA MLKA
569,W127119623,Dell,DELL COMPELLENT 200GB 6G 
570,9P032,Dell,CRD CTL MN-PNL PV136T V3
571,W125885412,Lenovo,MBC82F9 WINR747_UMA_4G_NTPM_A
572,CBI3503A,2-Power,Main Battery Pack 10.8V 5200mAh 56Wh
573,W126823616,Asus,ROG MAXIMUS Z690 HERO ATX MB 
574,303TC94080,Mita,303TC94080 PARTS CIS HIGH SP
575,W125809780,Brother,HALF CUTTER SUB BAG ASSY 
576,W126234889,Canon,"RAIL, SCANNER, REAR"
577,9PA18062O3,fsp (fortron),Integration/1- ALIMENTATION/4- FLEX ATX
578,W125694252,Lenovo,PCP@RX 5500@4G/D6/3*DP/H
579,2P-451-BBZG,2-Power,Main Battery Pack 7.6V 8200mAh
580,W127149682,Lenovo,MECH_ASM KBD Cc HUN BKLT(CHY) 
581,R90-7342,OKIDATA,"Carriage Screw, 93+"
582,U9W93E,hewlett packard enterprise,EPACK4Y4H CDMR1810-8G SWTC
583,MSPP73139,CoreParts,Apple Macbook Pro
584,RP001222233,Hewlett Packard Enterprise,INTEL PIII 1GHZ OPTION KIT
585,CON-PSRT-L-ASR920S  ,CISCO               ,PRTNR SS 8X5XNBD ASR 920 METRO 
586,GMPXX5              ,GETAC               ,UX10-EX ANTI-STATIC SCREEN     
587,65317590BC13A12     ,ADOBE               ,SUBSTANCE 3D COLLECTION FOR    
588,1613438,Epson,Label If A2
589,A1968465A,Sony,V260 SUB LCD HSNG TH (SLV)
590,H53N4E,HEWLETT PACKARD ENTERPRISE,HPE Foundation Care Next Business Day Service with Comprehensive Defective Material Retention - Contrat de maintenance prolongé - pièces et main d'oeuvre - 1 année - sur site - 9x5 - temps de réponse : NBD - pour P/N: R8N86A
591,V-FDNVUL-05-PP1AR-1S,VEEAM,Veeam Data Platform Foundation Universal License - Licence de facturation Upfront
592,W126536664,Samsung,"VALVE EXPAN,STS304,1.65MM,500"
593,10054081,Toshiba,Carbon Film Resistor  560 Ohm
594,XR-NC55-PK9-07.03   ,CISCO               ,NCS 5500 IOS XR SOFTWARE 3DES  
595,CON-PSRT-CBS35TEU   ,CISCO               ,PRTNR SS 8X5XNBD CBS350 MANAGED
596,FB6-1971,CANON,"LABEL, MULTI-PURPOSE SIZE"
597,L26574-001,HP,BRACKET eMMC BD
598,TC444AAE,Hewlett Packard Enterprise,StoreEver MSL6480 CV-TL E-LTU
599,04W1741,Lenovo,Base Cover
600,W126855681,Samsung,"ASSY PCB KEYHW-MS550,KEY OLED"
601,RAP-400-202U,RAM Mounts,UNPKD RAM TOUGH-CLAW W/ ROUND
602,495629-001,HP,LCD HINGE FRONT FG
603,W126817857,HP,TOP COVER nSDC W KB NSV BL POR
604,FM170726LL          ,CLARIS INTERNATIONAL,FILEMAKER ADDITIONAL PERPETUAL 
605,65309526BC01B12,ADOBE,"Adobe Audition Pro for enterprise - Subscription Renewal - 1 utilisateur - gouv. - Value Incentive Plan - niveau 1 (1-9) - Win, Mac - Multi European Languages"
606,PC43KA003060002     ,HONEYWELL           ,PC43KIOSK PC43 ICON300 WWAN EU 
607,ST2D5A3NSXMX        ,GETAC               ,S410G5 I5-1340P 14IN (NO CAM)  
608,17-03511-04,HPent,"CABLE ASSY, 6COND,MODULAR PLUG "
609,W125986622,Lenovo,SCREW L 82JQ   2D 6L K 4.6D 
610,65309259BA13C12     ,ADOBE               ,DREAMWEAVER - PRO FOR TEAMS ALL
611,111231511,Sony,ELECT CHIP 22uF 20% 16V
612,3670,Dell,CBL I/O 68P SCSI 1 MTR
613,W126073696,Avigilon,HID 900PHPTEKE0338
614,65291553BA12B12     ,ADOBE               ,ADOBE TECHNICALSUIT FOR        
615,W128162010,Lenovo,COVER Upper Case ASM_THAI H 
616,2RPXF,Dell,ASSY STND ARTCL AIO 2710
617,Z1A9_27_FR_CTO,APPLE,CTO/MBP14 M3 Silver/Puce Apple M3 CPU8_GPU10_NE16/16Go/SSD 1 To/Clavier Anglais international/USB C 70W/FinalCut_Pro
618,DA3-6126,CANON,"RING, LENS"
619,RP001233710,HP,Power Supply Assembly Kit
620,CASTVSFILN,d2castvsfiln,D2 Casque TV sans fil avec dongle USB 2.4 Ghz
621,472945912,Sony,REAR COVER (SM HRH) A
622,ML10098,CoreParts,Projector Lamp for Samsung
623,W125795231,Lenovo,"CMSK-CS20,SV-NBL,CHY,BEL"
624,tt1389,ZEBRA,"Z-Band UltraSoft, Paediatric, white Z-Band UltraSoft, adhesive closure, paediatric, colour: white, contains 6 cartridges with 250 wristbands per cartridge"
625,12013075,Toshiba,Fuse
626,4606340202,Konica Minolta,Guide
627,686047-001,HP,"Display LED FLT, HD+ 14 Inch"
628,W126553006,SMART Technologies,Board 6075S-V3 Pro 
629,25204345,Lenovo,Keyboard (FRENCH)
630,FCXRSR1EVXCQQ       ,WITHSECURE          ,PSB PM FREEDOME BUSINESS RNWL  
631,5WS0W86700,LENOVO,"Lenovo Premier Support - Contrat de maintenance prolongé - pièces et main d'oeuvre - 4 années - sur site - temps de réponse : NBD - pour ThinkStation P300, P310, P320, P330, P330 Gen 2"
632,PER340_4435V        ,dell emc            ,3Y PROSPT TO 5Y PROSPT 4H      
633,65309846BA14A12     ,ADOBE               ,VIP COM ELS RNW 1Y L14         
634,W127061809,Acer,COVER.UPPER.W/KB.ITALIAN.BL
635,51090JAJ,Huawei,P9 lite Dual SIM gold
636,EAT-N820-10M-OM5,Eaton,100G Duplex Multimode 50/125 OM5 LSZH Fiber Optic Cable LC/LC Lime Green 10 m
637,C9200L-48P-4X-E,CISCO,Cisco Catalyst 9200L - Network Essentials - commutateur - C3 - Géré - 48 x 10/100/1000 (PoE+) + 4 x 10 Gigabit SFP+ - Montable sur rack - PoE+
638,7672032,Zilverstad,"Zilverstad Triple Métal    10x15 noir mat, 3 passepartouts7672032"
639,W125990884,CoreParts,"Battery for GPS, Navigator"
640,25209432,Lenovo,Keyboard (FRENCH)
641,145761211,Sony,"Coil, Choke 0.78Uh"
642,4400917240,Toshiba,Gear Z24 Idle
643,71AU1332101,HP,LOGIC LOWER PA FULL FEATURE
644,15BA12050,Konica Minolta,Front door actuator
645,MRQL2ZM/A,Apple,"MBP 13"" Leather Sleeve"
646,429270201,Sony,Rear Cap
647,12005131,Toshiba,Roller
648,TR01033200,TREND MICRO,"Technical Training Unit, Normal,  License,12 months"
649,W126536882,Samsung,"CABINET-FRONT,WW1-PJT,EGI-SECD"
650,SL3DA-RFB,Intel,500/100MHZ PIII XEON PROCESSOR
651,15AV50610,Konica Minolta,Holder
652,LFF-8012C-D50-B,Bosch,LFF-8012C-D50
653,Z1AL_670_FR_CTO,APPLE,CTO/MBP16 M3Max Silver/Puce M3 Max CPU16_GPU40_NE16 + 64 Go memory/SSD_1TB/KB_NL/FinalCut_Pro
654,42169701,OKIDATA,"Op Panel Assy, ML5xx"
655,HU4A6A300G9,HEWLETT PACKARD ENTERPRISE,HPE Foundation Care - Contrat de maintenance prolongé
656,QC1-9987,CANON,"COVER, GAP"
657,MBI50679,CoreParts,Laptop Battery for HP
658,RP001231223,Hewlett Packard Enterprise,ML350e Gen8 v2 E5-2407v2
659,40X6439,LEXMARK,X925 SVC Cover Blank Logo 
660,W126817537,HP,ASSY MB UMA Ryzen7 5700U
661,0S03943,HGST,6TB 7200 NAS v2 2Pack EMEA
662,CFQ7TTC0LHVJ-0009-1J1J,Microsoft,CSP Dynamics 365 Operations – Device (36 mo) (Non-Profit Pricing) [1J1J]
663,5B20G06379,Lenovo,C B5070 1GI34100UNFP DOC 1000
664,FR296,Dell,ASSY CBL SATA HDD XPS 630
665,GH96-06360A,Samsung,Camera Module 1/5
666,W125941411,Lanview,"Cat6 U/UTP network cable, "
667,W126526668,Samsung,"COVER-REAR SUB,LFD "
668,6LA02963000,Toshiba,Bush Rol Ch
669,P000632570,Toshiba,ID LABEL(BLANK)
670,Ecosys P6235cdn,Kyocera,"ORIGINAL Kyocera Imprimante Ecosys P6235cdn 1102TW3NL1 35 ppm, A4, 1200 x 1200 dpi, Duplex print, USB 2.0, Ethernet"
671,W128191169,Hewlett Packard Enterprise,"SPS HDD,300GB 15K 4K BL"
672,R85990802           ,HP - POLY           ,SERVICE REACTIVATION MEDIALIGN 
673,W126350770,Brodit,ProClip
674,10120089,PowerWalker,VI 1500 PSW FR UPS
675,6LE28807000,Toshiba,Actr U Padl Snr
676,AT-TQ1402-00,ALLIED TELESIS,ALLIED IEEE 802.11ac Wave2 wireless access point with dual-band radios and embedded antenna AC power adapter not included
677,VS30066148,Hitachi,Pwb Inverter Lgxn Sba1
678,00XD867,Lenovo,Front Bezel
679,W125913813,Hewlett Packard Enterprise,Aruba AP-POE-ATSR Midspan 
680,W126868032,Samsung,"MOTOR FAN50HZ,230V,E CLASS"
681,W125881030,Dell,1.8TB 10K RPM SAS 12Gbps 512e
682,W125641560,Toshiba,GEAR DEV IDLER
683,W127741949,Lenovo,DCG ThinkSystem
684,1052410203,Konica Minolta,Left Cover Lwr 5400
685,46H6144-RFB,IBM,3GB EIDE HDD
686,RP000097891,Hewlett Packard Enterprise,24X Combo DVD/CD-RW MultiBay
687,04W1935-RFB,IBM,Payton1Keyboard Bezel ASM
688,AT-MMC6006-60,ALLIED TELESIS,ALLIED Extended Ethernet over VDSL2 BNC to 10/100/1000T
689,433828,Braun,Braun Series 7 71-N1200s
690,Z1BQ_7_FR_CTO,APPLE,"CTO/MacBook Air 15 M3 Gris sidéral/Puce Apple M3 CPU 8 coeurs, GPU 10 coeurs et Neural Engine 16 coeurs/16 Go  mémoire unifiée/SSD 1 To/Clavier Anglais américain/USB C 35W double/FinalCut_Pro"
691,78351,Sompex,Sompex OMBRELLINO blanc Lampe de table rechargeable
692,4408325440,Toshiba,Bracket Sensor Emp
693,709623-001,HP,PLA_BASE ENCLOSURE CHM
694,W126151793,Hewlett Packard Enterprise,CA HW SEC Rsr-Str/Mdpl Inpsr 
695,FIB222002-2,MicroConnect,SC/UPC-SC/UPC 2m OM2
696,W126101227,Zebra,RUGGED TABLET L10 NFC WWAN 
697,6LA40702500,Toshiba,Asys Cpl Btl 350 4
698,4407560780,Toshiba,Spring Press F
699,4401772870,Toshiba,Belt 106110 3
700,01K7951-RFB,IBM,400W Hot-Swap Power Supply
701,4400844320,Toshiba,Holder Pre R C
702,0326W1,swedish posture,SWP T-SHIRT COTON POSTURE HOMME BC S
703,AH730,DACOMEX,"DACOMEX Casque-Micro AH730 stéréo Jack 3.5 mm noir/gris Ultra léger pour un confort durable !
 
Ce micro casque stéréo sera le compagnon idéal pour vos longues sessions de chat.
 
 
Plus produit :
• Réglage du volume se fait au niveau du cordon
• Plug and Play pour une utilisation immédiate
• Perche micro flexible
 
  
Caractéristiques principales : 
• Prise : 2 x Jack 3.5mm mâle
• Bande passante : 20Hz-20KHz
• Impédance: 32 ohms
• Pression acoustique : 106 dB
• Dimensions des oreillettes: 32 mm
• Longueur du câble : 2.2 m
"
704,EXT.5WS1F52310/LEN,Lenovo,Garantie vers 5 ans Premier Support (De 1Y Premier Support) TC DT Halo.
705,CON-PSUP-LFLA115G   ,CISCO               ,PRTNR SUP 24X7X4 UPGRADE FROM  
706,218023,Braun,"Braun Series 9 Pro+ 9510s System wet&dry, noir"
707,W126066217,Brady,Tamper-evident Inspection 
708,W125729565,Lenovo,FrontCamera and 
709,41780312,OKIDATA,"PCB V7X, C31,C52,C54"
710,431958-B21,Hewlett Packard Enterprise,"DRV,HD, 146GB 10K 2.5 SAS SP"
711,19080,Gefu,Gefu Transforma Tambour pour râpe
712,W126613988,Lenovo,Seagate 3.5'' 7200 V15X 2T
713,RP001229814,Hewlett Packard Enterprise,DL580 G7 Intel Xeon E7
714,3U015,Dell,SCANR BRCD-OPT ADIC PV132T
715,665303-001,HP,BLUETOOTH CABLE
716,W126251633,Canon,FEED UNIT
717,QH2-2727,CANON,"CORD, POWER,  220V-240V(AU)"
718,12080341,Toshiba,Heat Cover Assy
719,5C0N1,Dell,ASSY CHAS BTM NO SD T10/T00X
720,W127372253,EMC,FRONTBEZEL DD6800
721,W126226820,Canon,"SHEET, FOCUS SCALE"
722,80C0S40,LEXMARK,"Lexmark 800S4 - Jaune - original - cartouche de toner LCCP - pour Lexmark CX310dn, CX310n"
723,UH300,Dell,KIT TB 80/160GB 2U BRCD 124T R
724,1200511303,Konica Minolta,"Pin, Therm.Holder"
725,0A33970-RFB,Lenovo,USB 3.0 Dock/port replicator
726,CSGE2182W,CASE LOGIC,Protection à rabat pour tablette - polycarbonate - blanc - pour Samsung Galaxy Tab 4 (7 po)SnapView Folio f GalTab3 7 Wte Lite
727,5D10Q73677,Lenovo,LCD Module
728,W126249016,Canon,"SCREW, TAPPING, PAN HEAD"
729,802.3013,BACHMANN,BACHMANN BN3000 24xC13 6xC19 6xLS Mesure p. phase 3m H05VV-F 5G4 CEE3x32A
730,W126288301,Raspberry Pi,Raspberry Pi PoE+ Hat
731,W126010313,Asus,LMT MX259H DISPLAY BOARD
732,W125952808,Lenovo,Mercury1.0 INTEL FRU MECH_ASM 
733,Z197_602_FR_CTO,APPLE,CTO/iMac 24 pouces Bleu/Puce M3 CPU8_GPU8_NE16/8Go/SSD_512GB/MK_TouchID_US_IMAC/MM2_MT2_IMAC/No Ethernet/No_Software
734,GH42-06936A,samsung,Samsung A346 A34 NFC 
735,FT5-0059,CANON,"MANUAL, QUICK START GUIDE"
736,78-52541,OTTERBOX,OtterBox Cable USB C-C 1M USB-PD Black
737,6LH58055000,Toshiba,Asys Guide Paper P
738,236-235-001,Honeywell,"Cable, antenna"
739,FSP:G-SW3GZ60PRE0B,fujitsu,SP 3Y TS SUBundUPGR 9X5 4H RT
740,QC3-1751,CANON,"COVER, PROTECTION"
741,41Y2725-RFB,IBM,Pc2-5300 512Mb Ecc Ddr2 Sdram
742,P1100266-003        ,ZEBRA               ,KIT PRINTHEAD ZD510            
743,FRU04W6732,Lenovo,Palmrest
744,3JD19010,KYOCERA,"UPPER GUIDE,CONFLUENCE"
745,UBI-WAVE-LR,Ubiquiti,UISP Wave Long-Range
746,12069015,Toshiba,Resistor
747,6LJ78614000,Toshiba,Holder Ch M H24X
748,6LA79097000,Toshiba,Hinge Tray R
749,CFQ7TTC0LHX0-000H-3J1M,Microsoft,CSP Dynamics 365 Operations – Activity (36 mo) (Non-Profit Pricing) [3J1M] New Commerce
750,11.88.5690,roline,ROLINE GOLD Câble HDMI Ultra HD M/M 1m avec Ethernet
751,303JY04060,KYOCERA,COVER LEFT
752,RP001229797,Hewlett Packard Enterprise,DL380p Gen8 E5-2609
753,00UP650,Lenovo,ThinkPad 128GB M.2 2242 NVMe
754,FRU04Y0720,Lenovo,Keyboard (BULGARIAN)
755,DV-895K,Kyocera,Developer Black
756,SYS-741P-TRT,SUPERMICRO,"Supermicro Mainstream SuperServer SYS-741P-TRT - Serveur - tour - 4U - pas de processeur jusqu'à - RAM 0 Go - hot-swap 3.5"" baie(s) - aucun disque dur - Gigabit Ethernet, 10 Gigabit Ethernet - Aucun SE fourni - moniteur : aucun - noir"
757,W125738396,Lenovo,MB 81WH NOK N4020_UMA_4G
758,X36085192,Sony,"Panel Assy,Front Sub"
759,79TD6071-,NEC,LENS SHIFT (NP41K)NP4001
760,C3317,Dell,ASSY BTRY CH ADPT CORD P65 BLD
761,DY5-1101,CANON,"COVER, LAMP"
762,DJ112,Dell,Keyboard (ITALIAN)
763,79T08966-,NEC,MIRROR (RM1) GT1150/2150
764,65J74,dell,"Dell HDD 2TB 7.2K SATA 3.5"" 6G 512N"
765,Z1BP_275_FR_CTO,APPLE,"CTO/MacBook Air 15 M3 Gris sidéral/Puce Apple M3 CPU 8 coeurs, GPU 10 coeurs et Neural Engine 16 coeurs/8 Go  mémoire unifiée/SSD 1 To/Clavier Anglais international/USB C 70W/FinalCut_Pro"
766,759336-501,HP,Motherboard 4G I5-4202Y 6U
767,ASR1000-RP3-64G-2P,CISCO,CISCO ASR1000 RP3 W 64GB 2 PACK
768,90AX00D3-R20011,Asus,5.5 Inch LCD Module
769,42667P22,Peugeot,"Peugeot PARIS Moulin à poivre hêtre, noir laqué, 22cm"
770,W128173107,Lenovo,ThinkPad Universal USB-C
771,A2049003B,Sony,"MOUNTED C. BOARD, KY-711 (D)"
772,F4-3333C16Q-64GTZR,G.Skill,G.Skill RAM TridentZ RGB Series - 64 GB (4 x 16 GB Kit) - DDR4 3333 DIMM CL16 
773,54Y8850-RFB,Lenovo,PWERSUPPLY
774,50GA82030,Konica Minolta,Adu clutch
775,600972000,Metabo,Metabo HWW 4500/25 INOX Centrale de gestion
776,814677-601,HP,Mainboard
777,W126201043,Lenovo,Heatsink L 20YM PINKE
778,W125645923,HP,Rack Mount Slide Flush Mount
779,W126046259,Asus,X507MA-1B KEYBOARD (ARABIC) 
780,FX0067512,Sony,REAR COVER A (46 G)
781,W125950464,Lenovo,Upper Case ASM_BRL L82H7 AG 
782,GENEVA DGW,Technoline,Technoline Geneva DGW
783,FRU01AV029,Lenovo,Keyboard GB CHY
784,ML10414,CoreParts,Projector Lamp for Optoma
785,E0-10612000,Toshiba,B10B Czhk B 1 Lf
786,CON-PSUP-C930EDL4   ,CISCO               ,PRTNR SUP 24X7X4 CATALYST 9300L
787,4406380010,Toshiba,Ps Lrg 300Ju
788,W126270033,Samsung,CY-KM24APXEN monitor accessory
789,W126886099,Lenovo,COVER Upper Case ASM_KOR 
790,41W1093-RFB,IBM,PC CARD SLOT
791,W126150264,Hewlett Packard Enterprise,EBOD Controller module
792,875947196,Sony,IC 74VHC08MTCX
793,W125659254,Honeywell,"H-6212X , Plus, 5 Day Turn, 1 "
794,W126093505,ORAY,Ecran motorisé ORION FAUX 
795,W126064590,Brady,PermaSleeve Wire Marking 
796,W125691241,Lenovo,MB C 81FS A4 WIN UMA STEREO
797,FC7-1757,CANON,"LEVER, DEV, PRESSURE"
798,379102601,Sony,"Spring,Compression"
799,W126867290,Samsung,ASSY 
800,W126935643,Lenovo,BDPLANAR FLi5-1145G7 8G vP 
801,W126252693,Canon,"SPRING, COMPRESSION"
802,BA59-02767A,Samsung,Keyboard (ENGLISH)
803,W125696491,Lenovo,KB CHICONY SILVER SW
804,176664461,Sony,"Connector, Ffc/Fpc 8P"
805,Z1BU_418_FR_CTO,APPLE,"CTO/MacBook Air 15 M3 Starlight/Puce Apple M3 CPU 8 coeurs, GPU 10 coeurs et Neural Engine 16 coeurs/16 Go  mémoire unifiée/SSD 512 Go/Clavier Espagnol/USB C 70W/FinalCut_Pro"
806,CBA-M66-S15ZAR,Zebra,"Cable, Auto-Host Detect"
807,1436557,Epson,"PAPER GUIDE,SUPPORT"
808,P10939-B21          ,HPE                 ,HPE ML350 GEN10 4210 CPU       
809,W126520017,Samsung,IC-LINE 
810,CMP30IIXUXCX,Citizen,"CMP-30II, Dual-IF, 203 dpi"
811,W125884802,Lenovo,Padme-3 (P-1 Gen3:20TH/20TJ) 
812,W126877082,Samsung,TAPE SPONGE-SHIELD CAN 
813,JC61-02878A,HPinc,"HOLDEREEPROM;CLX9350,PET+GF,T2.0,W70.9  "
814,Z1G5_191_FR_CTO,APPLE,"CTO/MacBook Air 13 M3 Gris sidéral/Puce Apple M3 CPU 8 coeurs, GPU 10 coeurs et Neural Engine 16 coeurs/24 Go  mémoire unifiée/SSD 512 Go/Clavier Français/USB C 35W double/Logic_Pro"
815,W126825138,Seagate,One Touch Desktop with HUB 4TB
816,P18502158,HP POLY,"Poly+ Partner Onsite Support - Contrat de maintenance prolongé - pièces et main d'oeuvre - 1 année - sur site - heures de bureau - temps de réponse : NBD - doit être acheté avec le contrat de service - pour Poly RMX 2000, Poly - Polycom RMX 2000"
817,W127351733,Lenovo,MB C 80V0 NOKI77500UR16MM12GBL
818,W126063774,Brady,Light Blue High Performance 
819,0722031511,Konica Minolta,Toner Recycling Unit 300
820,2BL22530,Kyocera,Gear Feed Z41S-P15
821,W128159500,Lenovo,COVER UpperCaseASM_THAI C82R0 
822,302NV93013,Mita,302NV93013 CT-5141
823,SSDSC1NB800G401,Intel,SSD DC S3500 800GB 1.8IN 5MM
824,W126480739,Lenovo,P12pro spkboxJBL0828 SLS27121W
825,W125992351,CoreParts,Mobile Battery for Sony
826,PKSTREAMER,T'nB,TNB Kit son Streammer INFLUENCE
827,JC90-01534A,HP,Mp M4030 Type F
828,S26361-F2847-L110,Fujitsu,256 MB DDR 400
829,W126253775,Canon,"SPRING,SWITCH"
830,W126251630,Canon,"SLIDER, CAM, 1"
831,DY-PS5156,DLH,"DLH - Étui à rabat pour tablette - pour Samsung Galaxy Tab S9, Tab S9 FE"
832,603531-001,HP,MIDDLE FRAME  RHINE
833,QY5-0259,CANON,ABSORBER KIT
834,S26361-F2432-L600-RFB,Fujitsu,Chipcard Reader (internal)
835,W126946312,HP,TOPCVR nSDC WGD W KB LMG FPR B
836,NK7-00006,MICROSOFT,Microsoft Identity Manager 2016 - Droit de rachat - 1 licence d'accès client utilisateur - Open Value Subscription - niveau C - produit supplémentaire - Win - Toutes les langues
837,52G7065-RFB,IBM,Riser Card
838,W125632853,Lenovo,Keyboard KB Darfon Canadian 
839,Z1AF_45_FR_CTO,APPLE,CTO/MBP16 M3Pro Space Black/Puce M3 Max CPU16_GPU40_NE16 + 128 Go memory/SSD_2TB/KB_US/No_Software
840,1129010802,Konica Minolta,Pwb-O Ep-8602
841,453765801,Sony,"Cushion (Sy(785)), Wp"
842,L18949-071,HP,Top Cover W Kb Ff Plg Sp
843,PRTKYTK895Y,Prindo,ORIGINAL Prindo Toner Jaune PRTKYTK895Y ~6000 Seiten Alternatif pour Kyocera TK-895y (1T02K0ANL0)
844,83Z47AA#ABB,hp inc.,HP Poly Studio X50 All-In-One Video Bar with TC8 Controller Kit-EURO
845,W125632148,Lenovo,Keyboard BZL JP FPR SV S
846,CMP64GX5M2B6000C30W,Corsair,CORSAIR RAM Dominator Titanium RGB - 64 GB (2 x 32 GB Kit) - DDR5 6000 DIMM CL30
847,MMG2050/1024,CoreParts,1GB Memory Module
848,YY120,dell,DELL 512MB 667MHZ 1RX8
849,04W0484-RFB,IBM,MINI DOCK PLUS SERIES 3
850,905301-003,HP,Power Supply Aio 160W 12V
851,JYX82,Dell,Std Mag Toner
852,FRU43X0805,Lenovo,300Gb Hotswap 15K SAS HDD
853,RM1-2580-120CN-RFB,HP,DC CONTROLLER ASSY-CLJ 36/3800
854,U7Z-00004,Microsoft,WL Mobile Mouse 1850 - Black
855,FCEDSUANVXCQQ       ,WITHSECURE          ,F-SECURE ELEMENTS EDR AND EPP  
856,EPS-C13T04B140,Epson,WF-C8190 / WF-C8690 Ink Cartridge XL Black
857,942843-001-RFB,HP,Fan Left
858,W128100312,Lenovo,COVER Upper Case ASM_ARA 
859,8T701,Dell,SVC PRC 1.2G CEL GX150 TSMT
860,5PS7A01720,Lenovo,Essential Service - 3Yr
861,89P6787-RFB,IBM,Ultrabay Enhanced Cable/Card
862,H5WFX,Dell,1.4K Cyan Toner Kit
863,41330609200,Toshiba,E Type Ring
864,W127294549,Ruckus,Cloud Wi-Fi SLED 5 year 
865,W126527808,Samsung,"ASSY PCB MAIN,AU7000C"
866,1400337701,Konica Minolta,Scan Charge Spring
867,QY8-1360,CANON,"BJC-7100, SERVICE MANUAL (E)"
868,W128152155,Lenovo,Upper Case L Y700-17ISK HB
869,z105912-007,ZEBRA,"Zebra cleaning rollers, 5 pcs. Adhensive cleaning rollers, 5 pcs., fits for: P100i, P330i, ZXP7, ZXP8"
870,W125717134,Dell,"4GB, DIMM, 1333MHZ, "
871,XDPV7,Dell,SVC PWA PLN I54210U U W8P 3442
872,00NY414-RFB,Lenovo,LGD12.5HDIPSAG
873,W126203910,Ubiquiti Networks,UniFi Ethernet Patch Cable
874,W126237958,Canon,"NR CONNECTOR, 8P"
875,W126667320,HP,SPS-MB PRODESK 400 G7 MT 3867
876,Z1CN_327_FR_CTO,APPLE,CTO/MBP16 M3Max Silver/Puce M3 Max CPU16_GPU40_NE16/64 Go/SSD_1TB/KB_US/Logic_Pro
877,W126061341,Brady,StainerBondz labels for the  
878,PRJ:260000006,Fujitsu,MEM Samsung 512MB DDR /PC400
879,dlaxistboot,DATALOGIC,"Datalogic rubber boot Rubber boot, fits for: DL-Axist"
880,3128ZZBGR240DLZZ    ,BITDEFENDER         ,GRAVITYZONEINTEGRITY MONITORING
881,6LE28312000,Toshiba,Rail Cln Tbu U
882,2P-41U3196,2-Power,Main Battery Pack 14.4V 2600mAh
883,W126708488,Lenovo,BATTERY 4cell 51Wh 15.44V 
884,W125734693,Lenovo,SSD_ASM 256G 2.5 7mm SATA6G LT
885,W125646511,HP,BRACKET KIT
886,2P-458274-421,2-Power,Main Battery Pack 14.4V 5200mAh
887,H8SD6E,HEWLETT PACKARD ENTERPRISE,"HPE Foundation Care Exchange Service - Contrat de maintenance prolongé - remplacement - 4 années - expédition - 24x7 - temps de réponse : 4 h - universitaire, volume, Tier 2, pour les particuliers"
888,6LA36308000,Toshiba,Asys Thrmis Rh
889,W126023163,Asus,TF201-1BD DUMMY CARD
890,HV8Q3E,HEWLETT PACKARD ENTERPRISE,"HPE Pointnext Tech Care Critical Service - Contrat de maintenance prolongé - pièces et main d'oeuvre - 3 années - sur site - 24x7 - délai de réparation : 6 heures - pour P/N: P21397-B21#B19, P9N77I, P9N77J, P9N78I, P9N78J, P9N79I, P9N79J, Q9W00A, R0Z51A"
891,A1961823A,Sony,HK9MB_CI518_UMA (S)
892,W125642251,Toshiba,FILTER VOC H38X
893,W125907140,Lenovo,Upper Case ASM_ITA H 82CU_IG
894,W126256199,Canon,CLAMP
895,670691-001,HP,WLAN 802.11 B/G/N RL HMC 1X1
896,P000606010,Toshiba,"LCD 15,6 inch HD"
897,W126887750,Lenovo,CABLE EDP Cable L 82QG
898,Z19Q_583_FR_CTO,APPLE,CTO/iMac 24 pouces Mauve/Puce Apple M3 CPU8_GPU10_NE16/8Go/SSD_1TO/MK_TouchID_US_IMAC/MM2_MT2_IMAC/FinalCut_Pro
899,V812-015R,MSI,MSI GeForce RTX 3050 VENTUS 2X 6G OC - graphics card - GF RTX 3050 - 6 GB
900,4G1-4993,CANON,REVERSE MAIN FRAME ASS`Y
901,48593,katun,Katun Waste Toner (Perf.) Equal to WT-202 FM1-A606
902,RP000317891,HP,DESIGNJET 500 (42-INCH)
903,MSP-GTE12-MOBF      ,STG                 ,TRELLIX GTI ESM-ELM-ERC-5700 MO
904,4407441230,Toshiba,Brg 1680Hh
905,VE901-AT-G,Aten,DisplayPort HDBaseT-Lite
906,W126221396,Canon,"COVER, HARNESS"
907,SWL-01SSC3301,SonicWall,SONICWALL GMS 25 NODE SOFTWARE UPGRADE
908,U7AE6E,Hewlett Packard Enterprise,Foundation Care 3Y 24x7 w/DMR
909,DT.VV3EF.001,acer,Veriton VEN2580 DT.VV3EF.001 - i5-1135/8G/256G/10P
910,ZQ32-A0W03R0-00     ,ZEBRA               ,DT PRINTER ZQ320 PLUS 802.11AC 
911,W126888768,CoreParts,X Charging Port - Black OEM  
912,W125694596,Lenovo,"CMSK-CS20,BK-NBL,PMX,ENG"
913,W126219647,Canon,"COVER ASSEMBLY, LEFT"
914,W126475095,Fujitsu,HD SAS 12G 12TB 7.2K 512E
915,5PLPXHDAPKX,Kyocera,Drum Kit DK-700
916,62630,Delock,Delock Adapterkabel mini Displayport 1.1 Stec
917,X708/08,Güde,Güde Alpha Couteau à légumes 8 cm olive
918,D6659A-RFB,Hewlett Packard Enterprise,LOCKS X50 FOR MASTER PASS KEY
919,W125811012,Brother,POWER SUPPLY CORD UK
920,Z1AF_319_FR_CTO,APPLE,CTO/MBP16 M3Pro Space Black/Puce M3 Max CPU16_GPU40_NE16 + 48 Go memory/SSD_4TB/KB_SU/FinalCut_Pro
921,1139036701,Konica Minolta,Trans/Sep Corona NLA30
922,CE-ISLTC0001,EMC,EMC Training Credits - unité de crédit pour la formation pré-achat - 1 crédit de formation
923,A00JR71411,Konica Minolta,Transfer Belt
924,106R00668,Xerox,Toner Cyan
925,P000589750,Toshiba,Cooling Fan
926,SARN2ZM/A,APPLE,ACE MBA 13-Inch T2 (1000 à 4999 appareils) Ami 48M
927,LY4635001,Brother,POLYSTYRENE PAD ASS
928,W125991540,CoreParts,Battery for Medical
929,W125696044,Lenovo,DIMM SHIELDING C 81TK
930,SOG-MLL1RE,spirit of gamer,Kit 4 barres LEDS rouges magnétiques
931,CM1-7079,CANON,"COVER ASS`Y, BATTERY, RED"
932,ZSC2PM95DPMR1,Datalogic,"POWERSCAN PM/BT95XXDPM, 2"
933,145000565,Lenovo,Cable
934,PA03450-Y388,Fujitsu,USB Cover
935,875944668,Sony,Ic Hm5117400Bs7Gsel
936,CDP2VGASA           ,startech            ,ADAPTATEUR USB-C VERS VGA AVEC 
937,651K9044,grafenthal,"GRAFENTHAL SSD 1.92TB MU SATA 2,5''"
938,W127121998,Dell,DELL 800GB 12G 2.5INCH MLC MU 
939,482325954,OKIDATA,"Display Panel (S/S) (PL,GC,HG,TK,CZ,"
940,H3DH8E,hewlett packard enterprise,EPACK 3YR PC 24X7 7205 CTR TAA
941,1600A01TH7,Bosch,Bosch Pince universelle 180 mm
942,12072257,Toshiba,Paper Guide Inboar
943,734866-800,HP,BATT 4C 51WHr 3.42AH LI RG0405
944,FRU63Y1186,Lenovo,R400 Planer
945,W126256639,Canon,"WIRE ASSEMBLY, CASE(MECH)"
946,W126325840,CoreParts,Projector Lamp for PANASONIC
947,Z1G6_446_FR_CTO,APPLE,"CTO/MacBook Air 13 M3 Silver/Puce Apple M3 CPU 8 coeurs, GPU 10 coeurs et Neural Engine 16 coeurs/24 Go  mémoire unifiée/SSD 2 To/Clavier Italien/USB C 35W double/FinalCut_Pro"
948,KVR266X72RC25/2G-RFB,Kingston,DDR1 266 Module RDIMM 2GB
949,W126350874,Brodit,ProClip
950,ALT-GS980M/52PS-30,Allied Telesis,AT-GS980M/52PS-30
951,W126639419,Lexmark,SVC Rollers Second fold lower 
952,W126081505,HP,TOP COVER W/KB BG
953,6LJ69423000,Toshiba,Plate Guard Gear P
954,1A42E3100-600-G,HP,ASSY ASSY DUST FILTER BEZEL EN
955,741553-85K,HP,45W Adptr Npfc Smart Rc 4
956,25214693,Lenovo,IDT6G1BDFBlackeyrameBLKeyboard
957,P85310SI160,HP POLY,Poly+ Partner - Contrat de maintenance prolongé - remplacement de matériel avancé (pour Trio 8800 Open SIP Collaboration Kit) - 1 année - expédition - temps de réponse : NBD - pour Poly Trio 8800
958,W126066210,Brady,PermaSleeve Wire Marking 
959,W126220970,Canon,"COVER, FIXING CONNECTOR"
960,W126872546,Samsung,ASSY 
961,Z1GD_218_FR_CTO,APPLE,"CTO/MacBook Air 15 M3 Gris sidéral/Puce Apple M3 CPU 8 coeurs, GPU 10 coeurs et Neural Engine 16 coeurs/16 Go  mémoire unifiée/SSD 1 To/Clavier Italien/USB C 70W/FinalCut_Pro"
962,UWL:82GL53010-C1F-CFG03,Fujitsu,Motherboard Assy
963,VRCS3300-230V       ,VERTIV              ,VRC-S INTEGRATED MICRO DATA    
964,21041,LEGO,LEGO Die Chinesische Mauer 12+ (21041)
965,RG5-5360-083CN-RFB,HP,Engine Ctrlr Board
966,71P8644-RFB,IBM,Serverraid 7K SCSI Adaptor
967,AB564-69001-RFB,Hewlett Packard Enterprise,1GB DIMM PC4200R
968,W126526889,Samsung,SVC JDM-STAND P-COVER 
969,W126200487,Lenovo,COVER Upper Case ASM_ITA 
970,740158-001,HP,SSD 16GB
971,KVR26N19S8/16-OS    ,ORIGIN STORAGE      ,16GB DDR4 2666MHZ UDIMM 2RX8   